INSERT INTO `category` (`id`, `category_name`, `is_active`, `is_deleted`, `created_at`, `updated_at`) VALUES
(1, 'Sauces / Toppings', 1, 0, '2025-02-11 08:33:51', '2025-02-12 00:38:54'),
(2, 'Chicken/ Proteins', 1, 0, '2025-02-12 00:38:41', '2025-02-12 00:38:41'),
(3, 'Produce', 1, 0, '2025-02-12 00:39:13', '2025-02-12 00:39:13'),
(4, 'Sides/ Sandwich', 1, 0, '2025-02-12 00:39:25', '2025-02-12 00:39:25'),
(5, 'Spices/ Cooking', 1, 0, '2025-02-12 00:39:41', '2025-02-12 00:39:41'),
(6, 'Beverages', 1, 0, '2025-02-12 00:39:52', '2025-02-17 05:54:44'),
(7, 'Paper Goods/ Supplies', 1, 0, '2025-02-12 00:40:05', '2025-02-12 00:40:05'),
(8, 'Cleaning Supplies', 1, 0, '2025-02-12 00:40:29', '2025-02-12 00:40:29'),
(9, 'Test Category', 1, 1, '2025-02-12 03:03:57', '2025-02-18 00:36:43'),
(10, 'Juices', 1, 1, '2025-02-12 06:09:28', '2025-02-12 06:09:38'),
(11, 'Groceries', 1, 0, '2025-02-13 05:24:20', '2025-02-13 05:24:20'),
(12, 'Sauce Packs', 1, 0, '2025-02-13 05:31:47', '2025-02-13 05:31:47'),
(13, 'Paper/plating Goods', 1, 0, '2025-02-13 05:42:06', '2025-02-13 05:42:06');




INSERT INTO `locations` (`id`, `location`, `is_active`, `is_deleted`, `created_at`, `updated_at`) VALUES
(1, '18 N Dollins', 1, 0, '2025-02-13 04:53:41', '2025-02-14 05:42:39'),
(2, 'Downtown Orlando', 1, 0, '2025-02-13 04:53:52', '2025-02-14 05:42:49');


INSERT INTO `master_kitchen_inventory` (`id`, `category`, `item_name`, `quantity`, `location_id`, `unit`, `price`, `is_active`, `is_deleted`, `created_at`, `updated_at`) VALUES
(1, '2', 'wings', 26.3, '1', '21', 0, 1, 0, '0000-00-00 00:00:00', '0000-00-00 00:00:00'),
(2, '2', 'Halal Wings', 4, '1', '21', 77.03, 1, 0, '0000-00-00 00:00:00', '0000-00-00 00:00:00'),
(3, '2', 'Raw Tenders', 2, '1', '22', 11.9, 1, 0, '0000-00-00 00:00:00', '0000-00-00 00:00:00'),
(4, '2', 'Breaded Tenders', 1.3, '1', '21', 11.9, 1, 0, '0000-00-00 00:00:00', '0000-00-00 00:00:00'),
(5, '2', 'boneless wings', 6, '1', '22', 11, 1, 0, '0000-00-00 00:00:00', '0000-00-00 00:00:00'),
(6, '1', 'bbhot sauce', 3, '1', '11', 10.75, 1, 0, '0000-00-00 00:00:00', '0000-00-00 00:00:00'),
(7, '1', 'bb omg', 2.8, '1', '11', 13.17, 1, 0, '0000-00-00 00:00:00', '0000-00-00 00:00:00'),
(8, '1', 'bb medium', 3.3, '1', '11', 10.75, 1, 0, '0000-00-00 00:00:00', '0000-00-00 00:00:00'),
(9, '1', 'bbmild saus', 1.3, '1', '11', 10.75, 1, 0, '0000-00-00 00:00:00', '0000-00-00 00:00:00'),
(10, '1', 'Franks Hot sauce', 0, '1', '11', 10.75, 1, 0, '0000-00-00 00:00:00', '0000-00-00 00:00:00'),
(11, '1', 'Franks Xhot Sauce', 0, '1', '11', 13.17, 1, 0, '0000-00-00 00:00:00', '0000-00-00 00:00:00'),
(12, '1', 'Honey Mustard', 1.3, '1', '11', 15.45, 1, 0, '0000-00-00 00:00:00', '0000-00-00 00:00:00'),
(13, '1', 'BB Honey BBQ ', 4.5, '1', '11', 9.94, 1, 0, '0000-00-00 00:00:00', '0000-00-00 00:00:00'),
(14, '1', 'FITH', 2, '1', '11', 13.17, 1, 0, '0000-00-00 00:00:00', '0000-00-00 00:00:00'),
(15, '1', 'Nsinerator', 1.8, '1', '11', 13.17, 1, 0, '0000-00-00 00:00:00', '0000-00-00 00:00:00'),
(16, '1', 'Blazin BBQ', 0, '1', '11', 9.94, 1, 0, '0000-00-00 00:00:00', '0000-00-00 00:00:00'),
(17, '1', 'Ranch Dressing', 0, '1', '11', 11.19, 1, 0, '0000-00-00 00:00:00', '0000-00-00 00:00:00'),
(18, '1', 'Ranch Cupped', 0, '1', '21', 11.19, 1, 0, '0000-00-00 00:00:00', '0000-00-00 00:00:00'),
(19, '1', 'Ranch Pans', 1.8, '1', '21', 7.46, 1, 0, '0000-00-00 00:00:00', '0000-00-00 00:00:00'),
(20, '1', 'Teriyaki Sauce', 2.5, '1', '11', 8.96, 1, 0, '0000-00-00 00:00:00', '0000-00-00 00:00:00'),
(21, '1', 'Mayo', 0, '1', '11', 7.38, 1, 0, '0000-00-00 00:00:00', '0000-00-00 00:00:00'),
(22, '1', 'Sour Cream', 1, '1', '14', 17.94, 1, 0, '0000-00-00 00:00:00', '0000-00-00 00:00:00'),
(23, '1', 'Habenaro Peppers', 0, '1', '27', 41.16, 1, 0, '0000-00-00 00:00:00', '0000-00-00 00:00:00'),
(24, '1', 'Melted Cheese', 1, '1', '20', 6.61, 1, 0, '0000-00-00 00:00:00', '0000-00-00 00:00:00'),
(25, '1', 'BB Garlic Parm', 0.3, '1', '17', 4.23, 1, 0, '0000-00-00 00:00:00', '2025-02-15 00:29:11'),
(26, '1', 'Lemon Pepper', 0.8, '1', '24', 23.75, 1, 0, '0000-00-00 00:00:00', '0000-00-00 00:00:00'),
(27, '1', 'Cayenne Pepper', 1, '1', '24', 14.71, 1, 0, '0000-00-00 00:00:00', '0000-00-00 00:00:00'),
(28, '1', 'Black Pepper', 0.3, '1', '24', 42.22, 1, 0, '0000-00-00 00:00:00', '0000-00-00 00:00:00'),
(29, '1', 'Granulated Garlic ', 0.7, '1', '24', 18.88, 1, 0, '0000-00-00 00:00:00', '0000-00-00 00:00:00'),
(30, '1', 'Garlic Salt', 0.5, '1', '24', 18.88, 1, 0, '0000-00-00 00:00:00', '0000-00-00 00:00:00'),
(31, '1', 'Red Vinegar', 0.3, '1', '24', 4.37, 1, 0, '0000-00-00 00:00:00', '0000-00-00 00:00:00'),
(32, '3', 'Parsley', 0.3, '1', '22', 5.98, 1, 0, '0000-00-00 00:00:00', '0000-00-00 00:00:00'),
(33, '3', 'Butter', 8, '1', '13', 3.52, 1, 0, '0000-00-00 00:00:00', '0000-00-00 00:00:00'),
(34, '3', 'Celery', 0.3, '1', '27', 34.68, 1, 0, '0000-00-00 00:00:00', '0000-00-00 00:00:00'),
(35, '3', 'Cut Celery', 0.3, '1', '12', 17.34, 1, 0, '0000-00-00 00:00:00', '0000-00-00 00:00:00'),
(36, '3', 'Onions', 0.3, '1', '22', 15.95, 1, 0, '0000-00-00 00:00:00', '0000-00-00 00:00:00'),
(37, '3', 'Blue Cheese Crub', 0, '1', '22', 14.5, 1, 0, '0000-00-00 00:00:00', '0000-00-00 00:00:00'),
(38, '3', 'Blue Cheese Made', 0.3, '1', '14', 0, 1, 0, '0000-00-00 00:00:00', '0000-00-00 00:00:00'),
(39, '3', 'Blue Chez Cupped', 0, '1', '21', 9.23, 1, 0, '0000-00-00 00:00:00', '0000-00-00 00:00:00'),
(40, '3', 'Blue Cheese Pans', 3.3, '1', '21', 16.76, 1, 0, '0000-00-00 00:00:00', '0000-00-00 00:00:00'),
(41, '3', 'Blue Cheese 15', 19, '1', '15', 3.27, 1, 0, '0000-00-00 00:00:00', '0000-00-00 00:00:00'),
(42, '3', 'Garlic Peeled', 0.3, '1', '24', 14.38, 1, 0, '0000-00-00 00:00:00', '0000-00-00 00:00:00'),
(43, '3', 'Panko Breading', 0.5, '1', '22', 17.05, 1, 0, '0000-00-00 00:00:00', '0000-00-00 00:00:00'),
(44, '3', 'Liquid Eggs ', 3, '1', '7', 5.32, 1, 0, '0000-00-00 00:00:00', '0000-00-00 00:00:00'),
(45, '4', 'French Fries', 44, '1', '22', 3.43, 1, 0, '0000-00-00 00:00:00', '0000-00-00 00:00:00'),
(46, '4', 'Sweet Pot Fries', 7, '1', '22', 3.16, 1, 0, '0000-00-00 00:00:00', '0000-00-00 00:00:00'),
(47, '4', 'Oreos', 2, '1', '25', 1.69, 1, 0, '0000-00-00 00:00:00', '0000-00-00 00:00:00'),
(48, '4', 'Rice 24', 2, '1', '6', 8.47, 1, 0, '0000-00-00 00:00:00', '0000-00-00 00:00:00'),
(49, '4', 'Molly Meatless', 9, '1', '22', 0, 1, 0, '0000-00-00 00:00:00', '0000-00-00 00:00:00'),
(50, '6', 'Cola', 1, '1', '4', 75.15, 1, 0, '0000-00-00 00:00:00', '0000-00-00 00:00:00'),
(51, '6', 'Diet', 0.5, '1', '4', 75.15, 1, 0, '0000-00-00 00:00:00', '0000-00-00 00:00:00'),
(52, '6', 'Brisk Tea', 1.5, '1', '4', 75.15, 1, 0, '0000-00-00 00:00:00', '0000-00-00 00:00:00'),
(53, '6', 'Brisk Raspberry', 0.8, '1', '4', 75.15, 1, 0, '0000-00-00 00:00:00', '0000-00-00 00:00:00'),
(54, '6', 'Monutain dew', 1, '1', '4', 75.15, 1, 0, '0000-00-00 00:00:00', '0000-00-00 00:00:00'),
(55, '6', 'Sierra Mist', 1, '1', '4', 75.15, 1, 0, '0000-00-00 00:00:00', '0000-00-00 00:00:00'),
(56, '6', 'Orange Soda', 1.3, '1', '4', 75.15, 1, 0, '0000-00-00 00:00:00', '0000-00-00 00:00:00'),
(57, '6', 'Fruit Punch', 0.8, '1', '4', 75.15, 1, 0, '0000-00-00 00:00:00', '0000-00-00 00:00:00'),
(58, '6', 'Co2 Tanks', 1, '1', '5', 25, 1, 0, '0000-00-00 00:00:00', '0000-00-00 00:00:00'),
(59, '8', 'Glass 15', 12, '1', '15', 7.53, 1, 0, '0000-00-00 00:00:00', '0000-00-00 00:00:00'),
(60, '8', 'Mr. clean floor cleaner', 2, '1', '17', 5.76, 1, 0, '0000-00-00 00:00:00', '0000-00-00 00:00:00'),
(61, '8', 'Steel Wool Pads', 13, '1', '22', 6.61, 1, 0, '0000-00-00 00:00:00', '0000-00-00 00:00:00'),
(62, '8', 'Green Scrub Pads', 43, '1', '22', 7.69, 1, 0, '0000-00-00 00:00:00', '0000-00-00 00:00:00'),
(63, '8', 'bleach', 6, '1', '17', 1.63, 1, 0, '0000-00-00 00:00:00', '0000-00-00 00:00:00'),
(64, '8', 'degreaser', 3.8, '1', '17', 7.23, 1, 0, '0000-00-00 00:00:00', '0000-00-00 00:00:00'),
(65, '8', 'Glass Cleaner', 2, '1', '17', 4.23, 1, 0, '0000-00-00 00:00:00', '0000-00-00 00:00:00'),
(66, '8', 'Hand Soap', 1.5, '1', '17', 3.29, 1, 0, '0000-00-00 00:00:00', '0000-00-00 00:00:00'),
(67, '8', 'Pine Cleaner', 1.8, '1', '17', 6.16, 1, 0, '0000-00-00 00:00:00', '0000-00-00 00:00:00'),
(68, '8', 'Dish Soap', 1, '1', '17', 14.36, 1, 0, '0000-00-00 00:00:00', '0000-00-00 00:00:00'),
(69, '8', 'Gar22e 22s', 0.3, '1', '27', 30.11, 1, 0, '0000-00-00 00:00:00', '0000-00-00 00:00:00'),
(70, '8', 'Air Freshner 20s', 10, '1', '20', 2.35, 1, 0, '0000-00-00 00:00:00', '0000-00-00 00:00:00'),
(71, '11', 'Ketchup Packs', 2, '1', '27', 14.23, 1, 0, '0000-00-00 00:00:00', '0000-00-00 00:00:00'),
(72, '11', 'Pancake Mix', 1, '1', '27', 4.84, 1, 0, '0000-00-00 00:00:00', '0000-00-00 00:00:00'),
(73, '11', 'powdered sugar', 0.5, '1', '16', 15.26, 1, 0, '0000-00-00 00:00:00', '0000-00-00 00:00:00'),
(74, '11', 'Salt Singles/ Bin', 0.3, '1', '16', 22.38, 1, 0, '0000-00-00 00:00:00', '0000-00-00 00:00:00'),
(75, '11', 'Brown Sugar', 0.3, '1', '16', 26.61, 1, 0, '0000-00-00 00:00:00', '0000-00-00 00:00:00'),
(76, '11', 'White Sugar', 0.3, '1', '16', 22.38, 1, 0, '0000-00-00 00:00:00', '0000-00-00 00:00:00'),
(77, '11', 'Non-Stick Spray Cans', 2, '1', '20', 4.65, 1, 0, '0000-00-00 00:00:00', '0000-00-00 00:00:00'),
(78, '11', 'Fryer Cooking Oils', 5, '1', '27', 17.81, 1, 0, '0000-00-00 00:00:00', '0000-00-00 00:00:00'),
(79, '12', 'BB HOT Pack', 0, '1', '22', 10.75, 1, 0, '0000-00-00 00:00:00', '0000-00-00 00:00:00'),
(80, '12', 'BB OMG Pack', 0, '1', '22', 13.17, 1, 0, '0000-00-00 00:00:00', '0000-00-00 00:00:00'),
(81, '12', 'BB Medium sPack', 0, '1', '22', 10.75, 1, 0, '0000-00-00 00:00:00', '0000-00-00 00:00:00'),
(82, '12', 'BB Mild Pack', 0, '1', '22', 10.75, 1, 0, '0000-00-00 00:00:00', '0000-00-00 00:00:00'),
(83, '12', 'Bleu Cheese Packs', 0, '1', '22', 16.76, 1, 0, '0000-00-00 00:00:00', '0000-00-00 00:00:00'),
(84, '13', 'Customer Napkins', 13, '1', '26', 0.94, 1, 0, '0000-00-00 00:00:00', '0000-00-00 00:00:00'),
(85, '13', 'Condiment Bag Pans', 0.3, '1', '21', 5.69, 1, 0, '0000-00-00 00:00:00', '0000-00-00 00:00:00'),
(86, '13', 'Wet Napkins', 1, '1', '27', 5.95, 1, 0, '0000-00-00 00:00:00', '0000-00-00 00:00:00'),
(87, '13', 'Forks', 1, '1', '27', 18.12, 1, 0, '0000-00-00 00:00:00', '0000-00-00 00:00:00'),
(88, '13', 'Therm Reg. Rolls', 10, '1', '2', 2.11, 1, 0, '0000-00-00 00:00:00', '0000-00-00 00:00:00'),
(89, '13', 'Big Brown 22', 2, '1', '18', 11.6, 1, 0, '0000-00-00 00:00:00', '0000-00-00 00:00:00'),
(90, '13', 'Sm Brown 22 ', 1.8, '1', '18', 6.45, 1, 0, '0000-00-00 00:00:00', '0000-00-00 00:00:00'),
(91, '13', 'Store Napkins', 8, '1', '26', 1.41, 1, 0, '0000-00-00 00:00:00', '0000-00-00 00:00:00'),
(92, '13', 'Sm Plastic Baggy', 0.3, '1', '27', 7.24, 1, 0, '0000-00-00 00:00:00', '0000-00-00 00:00:00'),
(93, '13', 'Toilet Tissue', 17, '1', '2', 0.62, 1, 0, '0000-00-00 00:00:00', '0000-00-00 00:00:00'),
(94, '13', '12oz Cups', 13, '1', '26', 1.53, 1, 0, '0000-00-00 00:00:00', '0000-00-00 00:00:00'),
(95, '13', '20oz Cups', 4, '1', '26', 2.55, 1, 0, '0000-00-00 00:00:00', '0000-00-00 00:00:00'),
(96, '13', 'Blue Bag Tape', 30, '1', '2', 2.21, 1, 0, '0000-00-00 00:00:00', '0000-00-00 00:00:00'),
(97, '13', 'Red Bag Tape', 24, '1', '2', 2.21, 1, 0, '0000-00-00 00:00:00', '0000-00-00 00:00:00'),
(98, '13', '32oz  Cups', 4, '1', '26', 1.55, 1, 0, '0000-00-00 00:00:00', '0000-00-00 00:00:00'),
(99, '13', '20oz Lids', 4, '1', '26', 2.18, 1, 0, '0000-00-00 00:00:00', '0000-00-00 00:00:00'),
(100, '13', '32oz Lids', 19, '1', '26', 3.6, 1, 0, '0000-00-00 00:00:00', '0000-00-00 00:00:00'),
(101, '13', '2oz Cups', 5, '1', '26', 2.33, 1, 0, '0000-00-00 00:00:00', '0000-00-00 00:00:00'),
(102, '13', '2oz Lids', 21, '1', '26', 0.8, 1, 0, '0000-00-00 00:00:00', '0000-00-00 00:00:00'),
(103, '13', 'Straws', 1, '1', '27', 2.08, 1, 0, '0000-00-00 00:00:00', '0000-00-00 00:00:00'),
(104, '13', 'Foil Pans', 1, '1', '27', 0.57, 1, 0, '0000-00-00 00:00:00', '0000-00-00 00:00:00'),
(105, '13', 'Foil Lids', 1, '1', '27', 0.42, 1, 0, '0000-00-00 00:00:00', '0000-00-00 00:00:00'),
(106, '13', '710 Foil Sheets', 2, '1', '27', 9.01, 1, 0, '0000-00-00 00:00:00', '0000-00-00 00:00:00'),
(107, '13', '720 Foil Sheets', 1.3, '1', '27', 6.52, 1, 0, '0000-00-00 00:00:00', '0000-00-00 00:00:00'),
(108, '13', 'Wax Paper Boxes', 3, '1', '27', 4.22, 1, 0, '0000-00-00 00:00:00', '0000-00-00 00:00:00'),
(109, '13', 'Poly Gloves', 9.5, '1', '27', 5.49, 1, 0, '0000-00-00 00:00:00', '0000-00-00 00:00:00'),
(110, '13', 'Sm Clamshells', 2, '1', '27', 7.94, 1, 0, '0000-00-00 00:00:00', '0000-00-00 00:00:00'),
(111, '13', 'Lg clamshell', 3, '1', '27', 13.08, 1, 0, '0000-00-00 00:00:00', '0000-00-00 00:00:00'),
(112, '13', 'French Fry 22', 6.8, '1', '27', 12.4, 1, 0, '0000-00-00 00:00:00', '0000-00-00 00:00:00'),
(113, '13', 'BB Menus', 0.7, '1', '27', 150, 1, 0, '0000-00-00 00:00:00', '0000-00-00 00:00:00'),
(114, '13', 'BB Plastic Bag', 2.8, '1', '27', 67.5, 1, 0, '0000-00-00 00:00:00', '0000-00-00 00:00:00'),
(119, '2', 'wings', 26.3, '2', '21', 0, 1, 0, '2025-02-14 05:48:39', '2025-02-14 05:48:39'),
(120, '2', 'Halal Wings', 4, '2', '21', 77.03, 1, 0, '2025-02-14 05:48:39', '2025-02-14 05:48:39'),
(121, '2', 'Raw Tenders', 2, '2', '22', 11.9, 1, 0, '2025-02-14 05:48:39', '2025-02-14 05:48:39'),
(122, '2', 'Breaded Tenders', 1.3, '2', '21', 11.9, 1, 0, '2025-02-14 05:48:39', '2025-02-14 05:48:39'),
(123, '2', 'boneless wings', 6, '2', '22', 11, 1, 0, '2025-02-14 05:48:39', '2025-02-14 05:48:39'),
(124, '1', 'bbhot sauce', 3, '2', '11', 10.75, 1, 0, '2025-02-14 05:48:39', '2025-02-14 05:48:39'),
(125, '1', 'bb omg', 2.8, '2', '11', 13.17, 1, 0, '2025-02-14 05:48:39', '2025-02-14 05:48:39'),
(126, '1', 'bb medium', 3.3, '2', '11', 10.75, 1, 0, '2025-02-14 05:48:39', '2025-02-14 05:48:39'),
(127, '1', 'bbmild saus', 1.3, '2', '11', 10.75, 1, 0, '2025-02-14 05:48:39', '2025-02-14 05:48:39'),
(128, '1', 'Franks Hot sauce', 0, '2', '11', 10.75, 1, 0, '2025-02-14 05:48:39', '2025-02-14 05:48:39'),
(129, '1', 'Franks Xhot Sauce', 0, '2', '11', 13.17, 1, 0, '2025-02-14 05:48:39', '2025-02-14 05:48:39'),
(130, '1', 'Honey Mustard', 1.3, '2', '11', 15.45, 1, 0, '2025-02-14 05:48:39', '2025-02-14 05:48:39'),
(131, '1', 'BB Honey BBQ ', 4.5, '2', '11', 9.94, 1, 0, '2025-02-14 05:48:39', '2025-02-14 05:48:39'),
(132, '1', 'FITH', 2, '2', '11', 13.17, 1, 0, '2025-02-14 05:48:39', '2025-02-14 05:48:39'),
(133, '1', 'Nsinerator', 1.8, '2', '11', 13.17, 1, 0, '2025-02-14 05:48:39', '2025-02-14 05:48:39'),
(134, '1', 'Blazin BBQ', 0, '2', '11', 9.94, 1, 0, '2025-02-14 05:48:39', '2025-02-14 05:48:39'),
(135, '1', 'Ranch Dressing', 0, '2', '11', 11.19, 1, 0, '2025-02-14 05:48:39', '2025-02-14 05:48:39'),
(136, '1', 'Ranch Cupped', 0, '2', '21', 11.19, 1, 0, '2025-02-14 05:48:39', '2025-02-14 05:48:39'),
(137, '1', 'Ranch Pans', 1.8, '2', '21', 7.46, 1, 0, '2025-02-14 05:48:39', '2025-02-14 05:48:39'),
(138, '1', 'Teriyaki Sauce', 2.5, '2', '11', 8.96, 1, 0, '2025-02-14 05:48:39', '2025-02-14 05:48:39'),
(139, '1', 'Mayo', 0, '2', '11', 7.38, 1, 0, '2025-02-14 05:48:39', '2025-02-14 05:48:39'),
(140, '1', 'Sour Cream', 1, '2', '14', 17.94, 1, 0, '2025-02-14 05:48:39', '2025-02-14 05:48:39'),
(141, '1', 'Habenaro Peppers', 0, '2', '27', 41.16, 1, 0, '2025-02-14 05:48:39', '2025-02-14 05:48:39'),
(142, '1', 'Melted Cheese', 1, '2', '20', 6.61, 1, 0, '2025-02-14 05:48:39', '2025-02-14 05:48:39'),
(143, '1', 'BB Garlic Parm', 0.3, '2', '17', 4.23, 1, 0, '2025-02-14 05:48:39', '2025-02-15 00:17:56'),
(144, '1', 'Lemon Pepper', 0.8, '2', '24', 23.75, 1, 0, '2025-02-14 05:48:39', '2025-02-14 05:48:39'),
(145, '1', 'Cayenne Pepper', 1, '2', '24', 14.71, 1, 0, '2025-02-14 05:48:39', '2025-02-14 05:48:39'),
(146, '1', 'Black Pepper', 0.3, '2', '24', 42.22, 1, 0, '2025-02-14 05:48:39', '2025-02-14 05:48:39'),
(147, '1', 'Granulated Garlic ', 0.7, '2', '24', 18.88, 1, 0, '2025-02-14 05:48:39', '2025-02-14 05:48:39'),
(148, '1', 'Garlic Salt', 0.5, '2', '24', 18.88, 1, 0, '2025-02-14 05:48:39', '2025-02-14 05:48:39'),
(149, '1', 'Red Vinegar', 0.3, '2', '24', 4.37, 1, 0, '2025-02-14 05:48:39', '2025-02-14 05:48:39'),
(150, '3', 'Parsley', 0.3, '2', '22', 5.98, 1, 0, '2025-02-14 05:48:39', '2025-02-14 05:48:39'),
(151, '3', 'Butter', 8, '2', '13', 3.52, 1, 0, '2025-02-14 05:48:39', '2025-02-14 05:48:39'),
(152, '3', 'Celery', 0.3, '2', '27', 34.68, 1, 0, '2025-02-14 05:48:39', '2025-02-14 05:48:39'),
(153, '3', 'Cut Celery', 0.3, '2', '12', 17.34, 1, 0, '2025-02-14 05:48:39', '2025-02-14 05:48:39'),
(154, '3', 'Onions', 0.3, '2', '22', 15.95, 1, 0, '2025-02-14 05:48:39', '2025-02-14 05:48:39'),
(155, '3', 'Blue Cheese Crub', 0, '2', '22', 14.5, 1, 0, '2025-02-14 05:48:39', '2025-02-14 05:48:39'),
(156, '3', 'Blue Cheese Made', 0.3, '2', '14', 0, 1, 0, '2025-02-14 05:48:39', '2025-02-14 05:48:39'),
(157, '3', 'Blue Chez Cupped', 0, '2', '21', 9.23, 1, 0, '2025-02-14 05:48:39', '2025-02-14 05:48:39'),
(158, '3', 'Blue Cheese Pans', 3.3, '2', '21', 16.76, 1, 0, '2025-02-14 05:48:39', '2025-02-14 05:48:39'),
(159, '3', 'Blue Cheese 15', 19, '2', '15', 3.27, 1, 0, '2025-02-14 05:48:39', '2025-02-14 05:48:39'),
(160, '3', 'Garlic Peeled', 0.3, '2', '24', 14.38, 1, 0, '2025-02-14 05:48:39', '2025-02-14 05:48:39'),
(161, '3', 'Panko Breading', 0.5, '2', '22', 17.05, 1, 0, '2025-02-14 05:48:39', '2025-02-14 05:48:39'),
(162, '3', 'Liquid Eggs ', 3, '2', '7', 5.32, 1, 0, '2025-02-14 05:48:39', '2025-02-14 05:48:39'),
(163, '4', 'French Fries', 44, '2', '22', 3.43, 1, 0, '2025-02-14 05:48:39', '2025-02-14 05:48:39'),
(164, '4', 'Sweet Pot Fries', 7, '2', '22', 3.16, 1, 0, '2025-02-14 05:48:39', '2025-02-14 05:48:39'),
(165, '4', 'Oreos', 2, '2', '25', 1.69, 1, 0, '2025-02-14 05:48:39', '2025-02-14 05:48:39'),
(166, '4', 'Rice 24', 2, '2', '6', 8.47, 1, 0, '2025-02-14 05:48:39', '2025-02-14 05:48:39'),
(167, '4', 'Molly Meatless', 9, '2', '22', 0, 1, 0, '2025-02-14 05:48:39', '2025-02-14 05:48:39'),
(168, '6', 'Cola', 1, '2', '4', 75.15, 1, 0, '2025-02-14 05:48:39', '2025-02-14 05:48:39'),
(169, '6', 'Diet', 0.5, '2', '4', 75.15, 1, 0, '2025-02-14 05:48:39', '2025-02-14 05:48:39'),
(170, '6', 'Brisk Tea', 1.5, '2', '4', 75.15, 1, 0, '2025-02-14 05:48:39', '2025-02-14 05:48:39'),
(171, '6', 'Brisk Raspberry', 0.8, '2', '4', 75.15, 1, 0, '2025-02-14 05:48:39', '2025-02-14 05:48:39'),
(172, '6', 'Monutain dew', 1, '2', '4', 75.15, 1, 0, '2025-02-14 05:48:39', '2025-02-14 05:48:39'),
(173, '6', 'Sierra Mist', 1, '2', '4', 75.15, 1, 0, '2025-02-14 05:48:39', '2025-02-14 05:48:39'),
(174, '6', 'Orange Soda', 1.3, '2', '4', 75.15, 1, 0, '2025-02-14 05:48:39', '2025-02-14 05:48:39'),
(175, '6', 'Fruit Punch', 0.8, '2', '4', 75.15, 1, 0, '2025-02-14 05:48:39', '2025-02-14 05:48:39'),
(176, '6', 'Co2 Tanks', 1, '2', '5', 25, 1, 0, '2025-02-14 05:48:39', '2025-02-14 05:48:39'),
(177, '8', 'Glass 15', 12, '2', '15', 7.53, 1, 0, '2025-02-14 05:48:39', '2025-02-14 05:48:39'),
(178, '8', 'Mr. clean floor cleaner', 2, '2', '17', 5.76, 1, 0, '2025-02-14 05:48:39', '2025-02-14 05:48:39'),
(179, '8', 'Steel Wool Pads', 13, '2', '22', 6.61, 1, 0, '2025-02-14 05:48:39', '2025-02-14 05:48:39'),
(180, '8', 'Green Scrub Pads', 43, '2', '22', 7.69, 1, 0, '2025-02-14 05:48:39', '2025-02-14 05:48:39'),
(181, '8', 'bleach', 6, '2', '17', 1.63, 1, 0, '2025-02-14 05:48:39', '2025-02-14 05:48:39'),
(182, '8', 'degreaser', 3.8, '2', '17', 7.23, 1, 0, '2025-02-14 05:48:39', '2025-02-14 05:48:39'),
(183, '8', 'Glass Cleaner', 2, '2', '17', 4.23, 1, 0, '2025-02-14 05:48:39', '2025-02-14 05:48:39'),
(184, '8', 'Hand Soap', 1.5, '2', '17', 3.29, 1, 0, '2025-02-14 05:48:39', '2025-02-14 05:48:39'),
(185, '8', 'Pine Cleaner', 1.8, '2', '17', 6.16, 1, 0, '2025-02-14 05:48:39', '2025-02-14 05:48:39'),
(186, '8', 'Dish Soap', 1, '2', '17', 14.36, 1, 0, '2025-02-14 05:48:39', '2025-02-14 05:48:39'),
(187, '8', 'Gar22e 22s', 0.3, '2', '27', 30.11, 1, 0, '2025-02-14 05:48:39', '2025-02-14 05:48:39'),
(188, '8', 'Air Freshner 20s', 10, '2', '20', 2.35, 1, 0, '2025-02-14 05:48:39', '2025-02-14 05:48:39'),
(189, '11', 'Ketchup Packs', 2, '2', '27', 14.23, 1, 0, '2025-02-14 05:48:39', '2025-02-14 05:48:39'),
(190, '11', 'Pancake Mix', 1, '2', '27', 4.84, 1, 0, '2025-02-14 05:48:39', '2025-02-14 05:48:39'),
(191, '11', 'powdered sugar', 0.5, '2', '16', 15.26, 1, 0, '2025-02-14 05:48:39', '2025-02-14 05:48:39'),
(192, '11', 'Salt Singles/ Bin', 0.3, '2', '16', 22.38, 1, 0, '2025-02-14 05:48:39', '2025-02-14 05:48:39'),
(193, '11', 'Brown Sugar', 0.3, '2', '16', 26.61, 1, 0, '2025-02-14 05:48:39', '2025-02-14 05:48:39'),
(194, '11', 'White Sugar', 0.3, '2', '16', 22.38, 1, 0, '2025-02-14 05:48:39', '2025-02-14 05:48:39'),
(195, '11', 'Non-Stick Spray Cans', 2, '2', '20', 4.65, 1, 0, '2025-02-14 05:48:39', '2025-02-14 05:48:39'),
(196, '11', 'Fryer Cooking Oils', 5, '2', '27', 17.81, 1, 0, '2025-02-14 05:48:39', '2025-02-14 05:48:39'),
(197, '12', 'BB HOT Pack', 0, '2', '22', 10.75, 1, 0, '2025-02-14 05:48:39', '2025-02-14 05:48:39'),
(198, '12', 'BB OMG Pack', 0, '2', '22', 13.17, 1, 0, '2025-02-14 05:48:39', '2025-02-14 05:48:39'),
(199, '12', 'BB Medium sPack', 0, '2', '22', 10.75, 1, 0, '2025-02-14 05:48:39', '2025-02-14 05:48:39'),
(200, '12', 'BB Mild Pack', 0, '2', '22', 10.75, 1, 0, '2025-02-14 05:48:39', '2025-02-14 05:48:39'),
(201, '12', 'Bleu Cheese Packs', 0, '2', '22', 16.76, 1, 0, '2025-02-14 05:48:39', '2025-02-14 05:48:39'),
(202, '13', 'Customer Napkins', 13, '2', '26', 0.94, 1, 0, '2025-02-14 05:48:39', '2025-02-14 05:48:39'),
(203, '13', 'Condiment Bag Pans', 0.3, '2', '21', 5.69, 1, 0, '2025-02-14 05:48:39', '2025-02-14 05:48:39'),
(204, '13', 'Wet Napkins', 1, '2', '27', 5.95, 1, 0, '2025-02-14 05:48:39', '2025-02-14 05:48:39'),
(205, '13', 'Forks', 1, '2', '27', 18.12, 1, 0, '2025-02-14 05:48:39', '2025-02-14 05:48:39'),
(206, '13', 'Therm Reg. Rolls', 10, '2', '2', 2.11, 1, 0, '2025-02-14 05:48:39', '2025-02-14 05:48:39'),
(207, '13', 'Big Brown 22', 2, '2', '18', 11.6, 1, 0, '2025-02-14 05:48:39', '2025-02-14 05:48:39'),
(208, '13', 'Sm Brown 22 ', 1.8, '2', '18', 6.45, 1, 0, '2025-02-14 05:48:39', '2025-02-14 05:48:39'),
(209, '13', 'Store Napkins', 8, '2', '26', 1.41, 1, 0, '2025-02-14 05:48:40', '2025-02-14 05:48:40'),
(210, '13', 'Sm Plastic Baggy', 0.3, '2', '27', 7.24, 1, 0, '2025-02-14 05:48:40', '2025-02-14 05:48:40'),
(211, '13', 'Toilet Tissue', 17, '2', '2', 0.62, 1, 0, '2025-02-14 05:48:40', '2025-02-14 05:48:40'),
(212, '13', '12oz Cups', 13, '2', '26', 1.53, 1, 0, '2025-02-14 05:48:40', '2025-02-14 05:48:40'),
(213, '13', '20oz Cups', 4, '2', '26', 2.55, 1, 0, '2025-02-14 05:48:40', '2025-02-14 05:48:40'),
(214, '13', 'Blue Bag Tape', 30, '2', '2', 2.21, 1, 0, '2025-02-14 05:48:40', '2025-02-14 05:48:40'),
(215, '13', 'Red Bag Tape', 24, '2', '2', 2.21, 1, 0, '2025-02-14 05:48:40', '2025-02-14 05:48:40'),
(216, '13', '32oz  Cups', 4, '2', '26', 1.55, 1, 0, '2025-02-14 05:48:40', '2025-02-14 05:48:40'),
(217, '13', '20oz Lids', 4, '2', '26', 2.18, 1, 0, '2025-02-14 05:48:40', '2025-02-14 05:48:40'),
(218, '13', '32oz Lids', 19, '2', '26', 3.6, 1, 0, '2025-02-14 05:48:40', '2025-02-14 05:48:40'),
(219, '13', '2oz Cups', 5, '2', '26', 2.33, 1, 0, '2025-02-14 05:48:40', '2025-02-14 05:48:40'),
(220, '13', '2oz Lids', 21, '2', '26', 0.8, 1, 0, '2025-02-14 05:48:40', '2025-02-14 05:48:40'),
(221, '13', 'Straws', 1, '2', '27', 2.08, 1, 0, '2025-02-14 05:48:40', '2025-02-14 05:48:40'),
(222, '13', 'Foil Pans', 1, '2', '27', 0.57, 1, 0, '2025-02-14 05:48:40', '2025-02-14 05:48:40'),
(223, '13', 'Foil Lids', 1, '2', '27', 0.42, 1, 0, '2025-02-14 05:48:40', '2025-02-14 05:48:40'),
(224, '13', '710 Foil Sheets', 2, '2', '27', 9.01, 1, 0, '2025-02-14 05:48:40', '2025-02-14 05:48:40'),
(225, '13', '720 Foil Sheets', 1.3, '2', '27', 6.52, 1, 0, '2025-02-14 05:48:40', '2025-02-14 05:48:40'),
(226, '13', 'Wax Paper Boxes', 3, '2', '27', 4.22, 1, 0, '2025-02-14 05:48:40', '2025-02-14 05:48:40'),
(227, '13', 'Poly Gloves', 9.5, '2', '27', 5.49, 1, 0, '2025-02-14 05:48:40', '2025-02-14 05:48:40'),
(228, '13', 'Sm Clamshells', 2, '2', '27', 7.94, 1, 0, '2025-02-14 05:48:40', '2025-02-14 05:48:40'),
(229, '13', 'Lg clamshell', 3, '2', '27', 13.08, 1, 0, '2025-02-14 05:48:40', '2025-02-14 05:48:40'),
(230, '13', 'French Fry 22', 6.8, '2', '27', 12.4, 1, 0, '2025-02-14 05:48:40', '2025-02-14 05:48:40'),
(231, '13', 'BB Menus', 0.7, '2', '27', 150, 1, 0, '2025-02-14 05:48:40', '2025-02-14 05:48:40'),
(232, '13', 'BB Plastic Bag', 2.8, '2', '27', 67.5, 1, 0, '2025-02-14 05:48:40', '2025-02-14 05:48:40');



INSERT INTO `units` (`id`, `unit_name`, `is_active`, `is_deleted`, `created_at`, `updated_at`) VALUES
(1, 'Liter', 1, 1, '2025-02-11 08:35:14', '2025-02-11 23:44:04'),
(2, 'Rolls', 1, 0, '2025-02-11 23:43:56', '2025-02-11 23:43:56'),
(3, 'Rags', 1, 0, '2025-02-11 23:44:10', '2025-02-11 23:44:10'),
(4, 'Bib(s)', 1, 0, '2025-02-11 23:44:22', '2025-02-11 23:44:22'),
(5, 'Tank(s)', 1, 0, '2025-02-11 23:44:38', '2025-02-11 23:44:38'),
(6, 'Quarts', 1, 0, '2025-02-11 23:44:51', '2025-02-11 23:44:51'),
(7, 'Cartons', 1, 0, '2025-02-11 23:45:07', '2025-02-11 23:45:07'),
(8, 'Container', 1, 0, '2025-02-11 23:45:28', '2025-02-11 23:45:28'),
(9, 'Pads', 1, 0, '2025-02-11 23:45:37', '2025-02-17 07:10:28'),
(10, 'Balls', 1, 0, '2025-02-11 23:45:45', '2025-02-15 23:12:34'),
(11, 'Gallons', 1, 0, '2025-02-11 23:45:56', '2025-02-11 23:45:56'),
(12, 'Bucket', 1, 0, '2025-02-12 00:19:38', '2025-02-12 00:19:38'),
(13, 'Blocks', 1, 0, '2025-02-12 00:19:57', '2025-02-12 00:19:57'),
(14, 'Tub', 1, 0, '2025-02-12 00:20:12', '2025-02-12 00:20:12'),
(15, 'Jars', 1, 0, '2025-02-12 00:20:20', '2025-02-12 00:20:20'),
(16, 'Bin', 1, 0, '2025-02-12 00:20:34', '2025-02-12 00:20:34'),
(17, 'Bottle(s)', 1, 0, '2025-02-12 00:20:45', '2025-02-12 00:20:45'),
(18, 'Stack', 1, 0, '2025-02-12 00:20:53', '2025-02-12 00:20:53'),
(19, 'Pack', 1, 0, '2025-02-12 00:21:02', '2025-02-12 00:21:02'),
(20, 'Can(s)', 1, 0, '2025-02-12 00:21:15', '2025-02-12 00:21:15'),
(21, 'Pan(s)', 1, 0, '2025-02-12 00:21:31', '2025-02-12 00:21:31'),
(22, 'Bag(s)', 1, 0, '2025-02-12 00:21:50', '2025-02-12 00:21:50'),
(23, 'Buns', 1, 0, '2025-02-12 00:31:35', '2025-02-12 00:31:35'),
(24, 'Jug(s)', 1, 0, '2025-02-12 00:31:59', '2025-02-12 00:31:59'),
(25, 'Case', 1, 0, '2025-02-12 00:32:07', '2025-02-12 00:32:07'),
(26, 'Sleeve(s)', 1, 0, '2025-02-12 00:32:17', '2025-02-12 00:32:17'),
(27, 'Box(s)', 1, 0, '2025-02-12 00:32:27', '2025-02-12 00:32:27'),
(35, 'Box Container', 1, 0, '2025-02-21 06:38:27', '2025-02-21 06:38:27');


INSERT INTO `users_data` (`id`, `name`, `location`, `user_role`, `email`, `phone`, `password`, `added_by`, `added_byId`, `is_active`, `is_approved`, `is_deleted`, `created_at`, `updated_at`) VALUES
(1, 'Test Super Admin', '1,20,21', '1', 'supera@gmail.com', '7083806410', 'Supera@123', 0, 0, 1, 1, 0, NULL, NULL)